INSERT INTO User1 (userid, password, aid, name, age, Doorno, pincode, state, city, street)
VALUES (1011, 'pass1234', 1001, 'Rahul', 30, 1, 560001, 'Karnataka', 'Bangalore', 'MG Road');
INSERT INTO Phoneno1 (userid, phoneno)
VALUES (1011, 9887766554);
INSERT INTO User1 (userid, password, aid, name, age, Doorno, pincode, state, city, street)
VALUES (1013, 'pass1234', 1002, 'Priya', 28, 2, 560010, 'Karnataka', 'Bangalore', 'Koramangala');
INSERT INTO Phoneno1 (userid, phoneno)
VALUES (1013, 9887766555);
INSERT INTO User1 (userid, password, aid, name, age, Doorno, pincode, state, city, street)
VALUES (1012, 'pass1234', 1003, 'Sandeep', 35, 3, 560020, 'Karnataka', 'Bangalore', 'Indiranagar');
INSERT INTO Phoneno1 (userid, phoneno)
VALUES (1012, 9887766556);
INSERT INTO User1 (userid, password, aid, name, age, Doorno, pincode, state, city, street)
VALUES (1014, 'pass1234', 1004, 'Anjali', 29, 4, 560030, 'Karnataka', 'Bangalore', 'JP Nagar');
INSERT INTO Phoneno1 (userid, phoneno)
VALUES (1014, 9887766557);
INSERT INTO User1 (userid, password, aid, name, age, Doorno, pincode, state, city, street)
VALUES (1015, 'pass1234', 1005, 'Pradeep', 32, 5, 560040, 'Karnataka', 'Bangalore', 'Kengeri');
INSERT INTO Phoneno1 (userid, phoneno)
VALUES (1015, 9887766558);
INSERT INTO User1 (userid, password, aid, name, age, Doorno, pincode, state, city, street)
VALUES (1016, 'pass1234', 1006, 'Neha', 26, 6, 560050, 'Karnataka', 'Bangalore', 'BTM Layout');
INSERT INTO Phoneno1 (userid, phoneno)
VALUES (1016, 9887766559);
INSERT INTO User1 (userid, password, aid, name, age, Doorno, pincode, state, city, street)
VALUES (1017, 'pass1234', 1007, 'Rajesh', 38, 7, 560060, 'Karnataka', 'Bangalore', 'Bannerghatta Road');
INSERT INTO Phoneno1 (userid, phoneno)
VALUES (1017, 9887766560);
VALUES (1017, 9887766561);
INSERT INTO User1 (userid, password, aid, name, age, Doorno, pincode, state, city, street)
VALUES (1018, 'pass1234', 1008, 'Manoj', 33, 8, 560070, 'Karnataka', 'Bangalore', 'Marathahalli');
INSERT INTO Phoneno1 (userid, phoneno)
 INSERT INTO User1 (userid, password, aid, name, age, Doorno, pincode, state, city, street) 
VALUES (1001, 'pass1', 1, 'John', 25, 101, 560001, 'Karnataka', 'Bangalore', 'Main Street');
INSERT INTO User1 (userid, password, aid, name, age, Doorno, pincode, state, city, street) 
VALUES (1002, 'pass2', 2, 'Alice', 30, 201, 560002, 'Karnataka', 'Bangalore', 'Broadway');
INSERT INTO User1 (userid, password, aid, name, age, Doorno, pincode, state, city, street) 
VALUES (1003, 'pass3', 3, 'Bob', 35, 301, 560003, 'Karnataka', 'Bangalore', 'Park Avenue');
INSERT INTO User1 (userid, password, aid, name, age, Doorno, pincode, state, city, street) 
VALUES (1004, 'pass4', 4, 'Charlie', 40, 401, 560004, 'Karnataka', 'Bangalore', 'Elm Street');
INSERT INTO User1 (userid, password, aid, name, age, Doorno, pincode, state, city, street) 
VALUES (1005, 'pass5', 5, 'Dave', 45, 501, 560005, 'Karnataka', 'Bangalore', 'High Street');
INSERT INTO User1 (userid, password, aid, name, age, Doorno, pincode, state, city, street) 
VALUES (1006, 'pass6', 6, 'Eve', 50, 601, 560006, 'Karnataka', 'Bangalore', '5th Avenue');
INSERT INTO User1 (userid, password, aid, name, age, Doorno, pincode, state, city, street) 
VALUES (1007, 'pass7', 7, 'Frank', 55, 701, 560007, 'Karnataka', 'Bangalore', 'Wall Street');
INSERT INTO User1 (userid, password, aid, name, age, Doorno, pincode, state, city, street) 
VALUES (1008, 'pass8', 8, 'Grace', 60, 801, 560008, 'Karnataka', 'Bangalore', 'Main Street');
INSERT INTO User1 (userid, password, aid, name, age, Doorno, pincode, state, city, street) 
VALUES (1009, 'pass9', 9, 'Harry', 65, 901, 560009, 'Karnataka', 'Bangalore', 'Broadway');
INSERT INTO User1 (userid, password, aid, name, age, Doorno, pincode, state, city, street) 
VALUES (1010, 'pass10', 10, 'Isabel', 70, 1001, 560010, 'Karnataka', 'Bangalore', 'Park Avenue');

INSERT INTO Owner1 (userid, category, Pno) VALUES (1007, 'Owner', 1001);
INSERT INTO Owner1 (userid, category, Pno) VALUES (1008, 'Owner', 1002);
INSERT INTO Owner1 (userid, category, Pno) VALUES (1009, 'Owner', 1003);
INSERT INTO Owner1 (userid, category, Pno) VALUES (1010, 'Owner', 1004);
INSERT INTO Owner1 (userid, category, Pno) VALUES (1006, 'Owner', 1005);

INSERT INTO Owner1 (userid, category, Pno) VALUES (1007, 'Owner', 1006);
INSERT INTO Owner1 (userid, category, Pno) VALUES (1008, 'Owner', 1007);
INSERT INTO Owner1 (userid, category, Pno) VALUES (1009, 'Owner', 1008);
INSERT INTO Owner1 (userid, category, Pno) VALUES (1010, 'Owner', 1009);
INSERT INTO Owner1 (userid, category, Pno) VALUES (1006, 'Owner', 1010);
INSERT INTO Owner1 (userid, category, Pno) VALUES (1004, 'Owner', 12);


INSERT INTO Property1 (Pid, plotarea, totalarea, history, yearofconst, Address, dateofava, floor, locality, rentpermon) 
VALUES (1001, 2000, 3000, 'Newly built', 2021, '123, Main Road, Delhi', '01-JAN-2022', 3, 'Kalkaji', 10000);
INSERT INTO Property1 (Pid, plotarea, totalarea, history, yearofconst, Address, dateofava, floor, locality, rentpermon) 
VALUES (1002, 1500, 2500, 'Renovated', 2005, '456, Outer Ring Road, Bangalore', '01-MAR-2022', 4, 'Indiranagar', 12000);
INSERT INTO Property1 (Pid, plotarea, totalarea, history, yearofconst, Address, dateofava, floor, locality, rentpermon)
 VALUES (1003, 1800, 2800, 'Old building', 1995, '789, MG Road, Mumbai', '01-FEB-2022', 2, 'Andheri', 15000);
INSERT INTO Property1 (Pid, plotarea, totalarea, history, yearofconst, Address, dateofava, floor, locality, rentpermon)
VALUES (1004, 2200, 3200, 'Newly built', 2022, '456, Main Street, Bangalore', '01-APR-2022', 5, 'Koramangala', 18000);
INSERT INTO Property1 (Pid, plotarea, totalarea, history, yearofconst, Address, dateofava, floor, locality, rentpermon)
VALUES (1005, 1700, 2700, 'Renovated', 2010, '789, Park Avenue, Mumbai', '01-MAY-2022', 6, 'Powai', 20000);
INSERT INTO Property1 (Pid, plotarea, totalarea, history, yearofconst, Address, dateofava, floor, locality, rentpermon)
VALUES (1006, 1900, 2900, 'Newly built', 2023, '345, MG Road, Delhi', '01-JUN-2022', 4, 'Lajpat Nagar', 12000);
INSERT INTO Property1 (Pid, plotarea, totalarea, history, yearofconst, Address, dateofava, floor, locality, rentpermon)
VALUES (1007, 1600, 2600, 'Renovated', 2015, '789, 5th Cross, Bangalore', '01-JUL-2022', 3, 'BTM Layout', 15000);
INSERT INTO Property1 (Pid, plotarea, totalarea, history, yearofconst, Address, dateofava, floor, locality, rentpermon)
VALUES (1008, 2100, 3100, 'Old building', 1990, '234, Link Road, Mumbai', '01-AUG-2022', 6, 'Bandra', 25000);
INSERT INTO Property1 (Pid, plotarea, totalarea, history, yearofconst, Address, dateofava, floor, locality, rentpermon)
VALUES (1009, 1800, 2800, 'Newly built', 2022, '567, Main Road, Chennai', '01-SEP-2022', 2, 'Adyar', 18000);
INSERT INTO Property1 (Pid, plotarea, totalarea, history, yearofconst, Address, dateofava, floor, locality, rentpermon)
VALUES (1010, 1500, 2500, 'Renovated', 2012, '456, Park Street, Kolkata', '01-OCT-2022', 5, 'Salt Lake', 12000);








INSERT INTO Manager1 (userid, category) VALUES (1004, 'Manager');
INSERT INTO Manager1 (userid, category) VALUES (1005, 'Manager');
INSERT INTO Manager1 (userid, category) VALUES (1003, 'Manager');


INSERT INTO manages1 (userid, Pid) VALUES (1004, 1001);
INSERT INTO manages1 (userid, Pid) VALUES (1005, 1002);
INSERT INTO manages1 (userid, Pid) VALUES (1003, 1003);



INSERT INTO Tenant1 (userid, category) VALUES (1007, 'Tenant');
INSERT INTO Tenant1 (userid, category) VALUES (1001, 'Tenant');
INSERT INTO Tenant1 (userid, category) VALUES (1002, 'Tenant');
INSERT INTO Tenant1 (userid, category) VALUES (1010, 'Tenant');
INSERT INTO Tenant1 (userid, category) VALUES (1008, 'Tenant');
INSERT INTO Tenant1 (userid, category) VALUES (1011, 'Resident');
INSERT INTO Tenant1 (userid, category) VALUES (1012, 'Commercial');
INSERT INTO Tenant1 (userid, category) VALUES (1013, 'Student');
INSERT INTO Tenant1 (userid, category) VALUES (1014, 'Working');
INSERT INTO Tenant1 (userid, category) VALUES (1015, 'Retired');
INSERT INTO Tenant1 (userid, category) VALUES (1016, 'Family');
INSERT INTO Tenant1 (userid, category) VALUES (1017, 'Single');
INSERT INTO Tenant1 (userid, category) VALUES (1018, 'Working');

INSERT INTO Rent1 (userid, Pid, startdate, enddate, Agencycomm, rentpermon, yearlyhike) VALUES (1001, 1001, '01-JAN-2022', '01-JAN-2024', 5000, 10000, 5);
INSERT INTO Rent1 (userid, Pid, startdate, enddate, Agencycomm, rentpermon, yearlyhike) VALUES (1002, 1003, '01-FEB-2022', '01-FEB-2024', 7000, 15000, 8);
INSERT INTO Rent1 (userid, Pid, startdate, enddate, Agencycomm, rentpermon, yearlyhike) VALUES (1008, 1003, '01-JAN-2022', '01-JAN-2024', 5000, 10000, 5);
INSERT INTO Rent1 (userid, Pid, startdate, enddate, Agencycomm, rentpermon, yearlyhike) VALUES (1007, 1004, '01-FEB-2022', '01-FEB-2024', 7000, 15000, 8);








